max_delta_step,max_depth,reg_alpha,score,size,cv
0,1,0,-1557723.1708873077,101,1
1,1,1,-1545245.759423896,71,1
5,1,0,-1586682.2159344312,41,1
0,2,5,-1554452.4315040454,11,1
