max_delta_step,max_depth,reg_alpha,score,size,cv
5,2,0,0.9799075312949094,100,1
1,3,1,0.9799075312949094,70,1
5,1,0,0.9799075312949094,40,1
3,2,1,0.9799075312949094,10,1
