max_delta_step,max_depth,reg_alpha,score,size,cv
1,2,0,0.8745568705226707,100,1
5,5,0,0.8748859307381522,70,1
5,5,1,0.8825563921722264,40,1
3,2,1,0.8182799003496741,10,1
