max_delta_step,max_depth,n_estimators,reg_alpha,score,size,cv
1,2,300,1,-0.15540243935317852,100,1
1,3,300,0,-0.155399523817028,70,1
5,4,500,0,-0.15540265393187325,40,1
0,2,100,0,-0.15539863645988514,10,1
